Name,Address,Phone,URL,LinkedIn,Reviews,Emails
Astoria Modern Family Dental,,+1 718-721-4700,astoriamodernfamilydental.com,,(146),[]
Soul Dental West,,,souldentalnyc.com,,(386),[]
New York Dental Office,,+1 212-548-3261,newyorkdentaloffice.com,,(364),[]
New York General Dentistry,,+1 212-838-0842,newyorkgeneraldentistry.com,,(323),[]
Midtown Dental Care Associates,"12 E 41st St suite 1100, New York, NY 10017, United States",+1 212-685-4730,midtowndentalcareassociates.com,,(506),[]
209 NYC Dental,,+1 646-493-6891,209nycdental.com,,"(1,595)",[]
Sky Dental,,+1 212-600-1996,skydentalnyc.com,,"(2,193)",[]
Pearl Dental NYC,"233 Broadway Suite 1801, New York, NY 10279, United States",+1 212-344-9317,pearldentalnyc.com,,(332),[]
Keith Bracy DDS Dentistry,"100 W 12th St #1d, New York, NY 10011, United States",+1 212-390-8399,drbracy.com,,(214),[]
The Exchange Dental Group,,+1 212-422-9229,theexchangedentalgroup.com,,"(1,092)",[]
NYC Smile Spa,,+1 646-374-2242,nycsmilespa.com,,(319),[]
My NYC Dentist - 34th Street Dental,,+1 212-564-8164,mynyc-dentist.com,,(401),[]
"Washington Square Dental Group, P.C.","2 5th Ave #4, New York, NY 10011, United States",+1 212-674-4011,washingtonsquaredentalgroup.com,,(412),[]
Studio Smiles NYC,,+1 646-470-1376,studiosmilesnyc.com,,(447),[]
Maiden Lane Dental,,+1 212-509-4585,maidenlanedental.com,,(357),[]
Dr. Peter Mann,,+1 212-920-7518,drpetermann.nyc,,(373),[]
West Village Dental Studio,,+1 646-852-6890,westvillagedentalstudio.com,,(397),[]
Park 56 Dental,,+1 212-826-2322,park56dental.com,,(823),[]
Gramercy Dental NYC,,+1 212-614-2662,gramercydental.nyc,,(83),[]
Les Belles NYC Dentistry,,+1 212-804-7197,lesbellesnyc.com,,(342),[]
Beautiful Smiles Dental Associates,,+1 516-715-5650,beautifulsmilesdentalassociates.com,,(794),[]
Zen Dentistry East Village,,+1 212-473-9002,zendentistrynyc.com,,(228),[]
Sachar Dental NYC,,+1 212-752-1163,sachardental.com,,(340),[]
Smile Arts of NY,,+1 212-537-6923,smileartsny.com,,(637),[]
Central Park Dentistry,,+1 212-486-6211,cpsdent.com,,(182),[]
Park Smiles NYC Cosmetic Dentistry,"1175 Park Ave # 1d, New York, NY 10128, United States",+1 929-209-3936,parksmilesnyc.com,,(394),[]
TriBeCa Dental Associates | Murray,"21 Murray St 4th floor, New York, NY 10007, United States",+1 212-671-3749,tribeca.dental,,"(1,236)",[]
Herald Square Dental,,+1 212-689-0024,thesmilist.com,,(364),[]
172 NYC Dental,"172 Madison Ave Comm 1, New York, NY 10016, United States",+1 646-921-5541,172nycdental.com,,(151),[]
Lumia Dental PLLC,,+1 212-287-1275,lumiadental.com,,(462),[]
New York DMD,"115 E 61st St Suite 12A, New York, NY 10065, United States",+1 917-284-9680,newyorkdmd.com,,(268),[]
NYC Smile Design,,+1 212-452-3344,nycsmiledesign.com,,(231),[]
Central Park West Dentistry,"25 Central Park W Suite 1B, New York, NY 10023, United States",+1 212-579-8885,cpwdentistry.com,,(190),[]
New York Family Dental Arts,,+1 212-628-3300,dentalartsny.com,,(386),[]
Rozenberg Dental NYC,"45 W 54th St, New York, NY 10019, United States",+1 212-265-7724,rozenbergdentalnyc.com,,(273),[]
Diamond District Dental NYC,"10 W 46th St #1401, New York, NY 10036, United States",+1 212-759-5595,dddentalnyc.com,,(537),[]
Rockefeller Dental Group,,+1 212-246-9070,rockefellerdentalgroup.com,,(217),[]
"Esthetix Dentist, NYC's Dental Implant & Cosmetic Specialist",,+1 212-795-9675,esthetixdentalspa.com,,"(1,104)",[]
BH Dental NY,,+1 607-600-6581,bhdentalnyc.com,,(306),[]
Manhattan Dental Studio,"358 5th Ave #1005, New York, NY 10001, United States",+1 212-685-2476,manhattandentalstudio.com,,(131),[]
Preferred Dental Care - Chelsea,,+1 212-594-7171,chelseadentalcare.com,,"(1,449)",[]
Making You Smile Cosmetic Dentist Studio NYC: Dr. Ziad Jalbout DDS,,+1 646-846-4645,makingyousmile.nyc,,(386),[]
Central Park West Dental,"101 Central Park W # 1d, New York, NY 10023, United States",+1 212-877-0405,centralparkwestdental.com,,(230),[]
Midtown Dental Wellness,,+1 212-751-1333,nycdentalwellness.com,,(217),[]
New York Dental Group,,+1 212-989-5253,newyorkdentalgrp.com,,(134),[]
Manhattan Dental Arts,,+1 646-347-5814,manhattandentalarts.com,,(390),[]
Avenue Dental,,+1 646-590-7525,avenuedentalny.com,,(85),[]
NYC Dental Center,"216 E 39th St #1, New York, NY 10016, United States",+1 646-861-3070,weence.com,,(209),[]
Advanced Dental Arts NYC - LANAP Specialist,,+1 212-388-1170,advanceddentalartsnyc.com,,(330),[]
Wall Street Dental Spa,,+1 866-753-3047,wallstdentalspanyc.com,,"(1,017)",[]
Expert Dental - Midtown,,+1 212-763-3383,expertdentalnyc.com,,"(1,620)",[]
Central Park West Dentistry,"25 W 68th St #1a, New York, NY 10023, United States",+1 212-579-8885,cpwdentistry.com,,(151),[]
Arch Dental of Manhattan,"3 Washington Square Village Apt 1D, New York, NY 10012, United States",+1 212-477-4330,archdentalofmanhattan.com,,(266),[]
ColumbiaDoctors Dentistry - Midtown,"51 W 51st St, New York, NY 10019, United States",+1 212-326-8520,columbiadoctors.org,,(292),[]
Zen Dentistry - FiDi,,+1 646-604-5700,zendentistrynyc.com,,(336),[]
Midtown Dental Group Fashion District,,+1 212-730-4440,midtowndentalgroup.com,,(531),[]
NYC Dental Professionals,,+1 212-922-9554,nycdentalprofessionals.com,,(191),[]
East Village Dental Center,"55 Loisaida Ave, New York, NY 10009, United States",+1 682-382-9614,eastvillagedentalcenter.com,,(563),[]
"Martin Man DMD, Astha Patel DDS",,+1 212-962-1305,twobridgesdentist.com,,(87),[]
Madison Dentistry,,+1 212-753-7400,madisondentistrynyc.com,,(149),[]
Manhattan Dentist,"551 5th Ave rm 1114, New York, NY 10176, United States",+1 212-867-2730,manhattannydentist.com,,(85),[]
Madison Dental Group,"515 Madison Ave #3900, New York, NY 10022, United States",+1 212-935-9300,madisondental.com,,(264),[]
